date,name,saled_price,capacity,type
2023-08-01,캐스퍼,79200,4,가솔린
2023-08-01,더 뉴 K3,79800,4,가솔린
2023-08-01,아반떼 AD ,79800,4,가솔린
2023-08-01,올 뉴 아반떼,79800,4,가솔린
2023-08-01,INTERACTIVE K5,123600,4,가솔린
2023-08-01,볼트,72100,4,전기차
2023-08-01,쏘나타 DN8,123600,4,가솔린
2023-08-01,INTERACTIVE K5,127200,4,하이브리드
2023-08-01,THE ALL NEW NIRO,130800,4,하이브리드
2023-08-01,니로,98100,4,전기차
2023-08-01,EV6 2WD,145200,4,전기차
2023-08-01,스포티지 NQ5 2WD,158400,4,하이브리드
2023-08-01,스포티지 NQ5 2WD 1.6T,158400,4,가솔린
2023-08-01,더 뉴 그랜드 스타렉스,174000,9,디젤
2023-08-01,더 뉴 싼타페 2WD,178200,5,디젤
2023-08-01,스타리아,182400,1,디젤
2023-08-01,카니발 KA4,196200,9,디젤
2023-08-01,EV6 4WD,198000,4,전기차
2023-08-01,K8 2.5,207000,4,가솔린
2023-08-01,더 뉴 그랜저 2.4,217800,4,하이브리드
2023-08-01,더 뉴 그랜저 3.3,225000,4,가솔린
2023-08-01,All New G80 2.5,289800,4,가솔린
2023-08-01,G90 3.8,348000,4,가솔린
2023-08-01,ALL NEW K3,72600,4,가솔린
2023-08-01,더 뉴 그랜드 스타렉스,159600,1,디젤
2023-08-01,쏘렌토 MQ4,178200,5,하이브리드
2023-08-01,더 뉴 카니발,196200,9,디젤
2023-08-01,팰리세이드 2WD,224400,7,디젤
2023-08-01,GV80 4WD,327000,5,디젤
2023-08-02,더 뉴 K3,79800,4,가솔린
2023-08-02,올 뉴 아반떼,79800,4,가솔린
2023-08-02,INTERACTIVE K5,123600,4,가솔린
2023-08-02,볼트,72100,4,전기차
2023-08-02,쏘나타 DN8,123600,4,가솔린
2023-08-02,INTERACTIVE K5,127200,4,하이브리드
2023-08-02,THE ALL NEW NIRO,130800,4,하이브리드
2023-08-02,니로,98100,4,전기차
2023-08-02,EV6 2WD,145200,4,전기차
2023-08-02,스포티지 NQ5 2WD,158400,4,하이브리드
2023-08-02,스포티지 NQ5 2WD 1.6T,158400,4,가솔린
2023-08-02,더 뉴 그랜드 스타렉스,174000,9,디젤
2023-08-02,더 뉴 싼타페 2WD,178200,5,디젤
2023-08-02,스타리아,182400,1,디젤
2023-08-02,카니발 KA4,196200,9,디젤
2023-08-02,EV6 4WD,198000,4,전기차
2023-08-02,더 뉴 그랜저 2.4,217800,4,하이브리드
2023-08-02,더 뉴 그랜저 3.3,225000,4,가솔린
2023-08-02,All New G80 2.5,289800,4,가솔린
2023-08-02,G90 3.8,348000,4,가솔린
2023-08-02,ALL NEW K3,72600,4,가솔린
2023-08-02,캐스퍼,79200,4,가솔린
2023-08-02,아반떼 AD ,79800,4,가솔린
2023-08-02,더 뉴 그랜드 스타렉스,159600,1,디젤
2023-08-02,쏘렌토 MQ4,178200,5,하이브리드
2023-08-02,더 뉴 카니발,196200,9,디젤
2023-08-02,K8 2.5,207000,4,가솔린
2023-08-02,팰리세이드 2WD,224400,7,디젤
2023-08-02,GV80 4WD,327000,5,디젤
2023-08-03,더 뉴 K3,79800,4,가솔린
2023-08-03,올 뉴 아반떼,79800,4,가솔린
2023-08-03,INTERACTIVE K5,123600,4,가솔린
2023-08-03,볼트,72100,4,전기차
2023-08-03,쏘나타 DN8,123600,4,가솔린
2023-08-03,INTERACTIVE K5,127200,4,하이브리드
2023-08-03,니로,98100,4,전기차
2023-08-03,EV6 2WD,145200,4,전기차
2023-08-03,스포티지 NQ5 2WD,158400,4,하이브리드
2023-08-03,스포티지 NQ5 2WD 1.6T,158400,4,가솔린
2023-08-03,더 뉴 그랜드 스타렉스,174000,9,디젤
2023-08-03,더 뉴 싼타페 2WD,178200,5,디젤
2023-08-03,스타리아,182400,1,디젤
2023-08-03,EV6 4WD,198000,4,전기차
2023-08-03,더 뉴 그랜저 2.4,217800,4,하이브리드
2023-08-03,더 뉴 그랜저 3.3,225000,4,가솔린
2023-08-03,All New G80 2.5,289800,4,가솔린
2023-08-03,G90 3.8,348000,4,가솔린
2023-08-03,ALL NEW K3,72600,4,가솔린
2023-08-03,캐스퍼,79200,4,가솔린
2023-08-03,아반떼 AD ,79800,4,가솔린
2023-08-03,THE ALL NEW NIRO,130800,4,하이브리드
2023-08-03,더 뉴 그랜드 스타렉스,159600,1,디젤
2023-08-03,쏘렌토 MQ4,178200,5,하이브리드
2023-08-03,더 뉴 카니발,196200,9,디젤
2023-08-03,카니발 KA4,196200,9,디젤
2023-08-03,K8 2.5,207000,4,가솔린
2023-08-03,팰리세이드 2WD,224400,7,디젤
2023-08-03,GV80 4WD,327000,5,디젤
2023-08-04,더 뉴 K3,79800,4,가솔린
2023-08-04,올 뉴 아반떼,79800,4,가솔린
2023-08-04,INTERACTIVE K5,123600,4,가솔린
2023-08-04,볼트,72100,4,전기차
2023-08-04,쏘나타 DN8,123600,4,가솔린
2023-08-04,INTERACTIVE K5,127200,4,하이브리드
2023-08-04,니로,98100,4,전기차
2023-08-04,EV6 2WD,145200,4,전기차
2023-08-04,스포티지 NQ5 2WD,158400,4,하이브리드
2023-08-04,스포티지 NQ5 2WD 1.6T,158400,4,가솔린
2023-08-04,더 뉴 그랜드 스타렉스,174000,9,디젤
2023-08-04,더 뉴 싼타페 2WD,178200,5,디젤
2023-08-04,스타리아,182400,1,디젤
2023-08-04,EV6 4WD,198000,4,전기차
2023-08-04,더 뉴 그랜저 2.4,217800,4,하이브리드
2023-08-04,팰리세이드 2WD,224400,7,디젤
2023-08-04,더 뉴 그랜저 3.3,225000,4,가솔린
2023-08-04,All New G80 2.5,289800,4,가솔린
2023-08-04,G90 3.8,348000,4,가솔린
2023-08-04,ALL NEW K3,72600,4,가솔린
2023-08-04,캐스퍼,79200,4,가솔린
2023-08-04,아반떼 AD ,79800,4,가솔린
2023-08-04,THE ALL NEW NIRO,130800,4,하이브리드
2023-08-04,더 뉴 그랜드 스타렉스,159600,1,디젤
2023-08-04,쏘렌토 MQ4,178200,5,하이브리드
2023-08-04,더 뉴 카니발,196200,9,디젤
2023-08-04,카니발 KA4,196200,9,디젤
2023-08-04,K8 2.5,207000,4,가솔린
2023-08-04,GV80 4WD,327000,5,디젤
2023-08-05,더 뉴 K3,86450,4,가솔린
2023-08-05,아반떼 AD ,86450,4,가솔린
2023-08-05,올 뉴 아반떼,86450,4,가솔린
2023-08-05,INTERACTIVE K5,133900,4,가솔린
2023-08-05,볼트,72100,4,전기차
2023-08-05,쏘나타 DN8,133900,4,가솔린
2023-08-05,INTERACTIVE K5,137800,4,하이브리드
2023-08-05,니로,98100,4,전기차
2023-08-05,EV6 2WD,157300,4,전기차
2023-08-05,스포티지 NQ5 2WD,171600,4,하이브리드
2023-08-05,스포티지 NQ5 2WD 1.6T,171600,4,가솔린
2023-08-05,더 뉴 그랜드 스타렉스,188500,9,디젤
2023-08-05,스타리아,197600,1,디젤
2023-08-05,카니발 KA4,212550,9,디젤
2023-08-05,EV6 4WD,214500,4,전기차
2023-08-05,더 뉴 그랜저 2.4,235950,4,하이브리드
2023-08-05,팰리세이드 2WD,243100,7,디젤
2023-08-05,더 뉴 그랜저 3.3,243750,4,가솔린
2023-08-05,All New G80 2.5,313950,4,가솔린
2023-08-05,G90 3.8,377000,4,가솔린
2023-08-05,ALL NEW K3,78650,4,가솔린
2023-08-05,캐스퍼,85800,4,가솔린
2023-08-05,THE ALL NEW NIRO,141700,4,하이브리드
2023-08-05,더 뉴 그랜드 스타렉스,172900,1,디젤
2023-08-05,더 뉴 싼타페 2WD,193050,5,디젤
2023-08-05,쏘렌토 MQ4,193050,5,하이브리드
2023-08-05,더 뉴 카니발,212550,9,디젤
2023-08-05,K8 2.5,224250,4,가솔린
2023-08-05,GV80 4WD,354250,5,디젤
2023-08-06,캐스퍼,85800,4,가솔린
2023-08-06,더 뉴 K3,86450,4,가솔린
2023-08-06,아반떼 AD ,86450,4,가솔린
2023-08-06,올 뉴 아반떼,86450,4,가솔린
2023-08-06,INTERACTIVE K5,133900,4,가솔린
2023-08-06,볼트,72100,4,전기차
2023-08-06,쏘나타 DN8,133900,4,가솔린
2023-08-06,INTERACTIVE K5,137800,4,하이브리드
2023-08-06,니로,98100,4,전기차
2023-08-06,EV6 2WD,157300,4,전기차
2023-08-06,스포티지 NQ5 2WD,171600,4,하이브리드
2023-08-06,스포티지 NQ5 2WD 1.6T,171600,4,가솔린
2023-08-06,더 뉴 그랜드 스타렉스,188500,9,디젤
2023-08-06,스타리아,197600,1,디젤
2023-08-06,카니발 KA4,212550,9,디젤
2023-08-06,EV6 4WD,214500,4,전기차
2023-08-06,K8 2.5,224250,4,가솔린
2023-08-06,더 뉴 그랜저 2.4,235950,4,하이브리드
2023-08-06,팰리세이드 2WD,243100,7,디젤
2023-08-06,All New G80 2.5,313950,4,가솔린
2023-08-06,GV80 4WD,354250,5,디젤
2023-08-06,G90 3.8,377000,4,가솔린
2023-08-06,ALL NEW K3,78650,4,가솔린
2023-08-06,THE ALL NEW NIRO,141700,4,하이브리드
2023-08-06,더 뉴 그랜드 스타렉스,172900,1,디젤
2023-08-06,더 뉴 싼타페 2WD,193050,5,디젤
2023-08-06,쏘렌토 MQ4,193050,5,하이브리드
2023-08-06,더 뉴 카니발,212550,9,디젤
2023-08-06,더 뉴 그랜저 3.3,243750,4,가솔린
2023-08-07,캐스퍼,79200,4,가솔린
2023-08-07,더 뉴 K3,79800,4,가솔린
2023-08-07,아반떼 AD ,79800,4,가솔린
2023-08-07,올 뉴 아반떼,79800,4,가솔린
2023-08-07,INTERACTIVE K5,123600,4,가솔린
2023-08-07,볼트,72100,4,전기차
2023-08-07,쏘나타 DN8,123600,4,가솔린
2023-08-07,INTERACTIVE K5,127200,4,하이브리드
2023-08-07,THE ALL NEW NIRO,130800,4,하이브리드
2023-08-07,니로,98100,4,전기차
2023-08-07,EV6 2WD,145200,4,전기차
2023-08-07,스포티지 NQ5 2WD,158400,4,하이브리드
2023-08-07,스포티지 NQ5 2WD 1.6T,158400,4,가솔린
2023-08-07,더 뉴 그랜드 스타렉스,174000,9,디젤
2023-08-07,스타리아,182400,1,디젤
2023-08-07,더 뉴 카니발,196200,9,디젤
2023-08-07,카니발 KA4,196200,9,디젤
2023-08-07,EV6 4WD,198000,4,전기차
2023-08-07,K8 2.5,207000,4,가솔린
2023-08-07,더 뉴 그랜저 2.4,217800,4,하이브리드
2023-08-07,팰리세이드 2WD,224400,7,디젤
2023-08-07,All New G80 2.5,289800,4,가솔린
2023-08-07,GV80 4WD,327000,5,디젤
2023-08-07,G90 3.8,348000,4,가솔린
2023-08-07,ALL NEW K3,72600,4,가솔린
2023-08-07,더 뉴 그랜드 스타렉스,159600,1,디젤
2023-08-07,더 뉴 싼타페 2WD,178200,5,디젤
2023-08-07,쏘렌토 MQ4,178200,5,하이브리드
2023-08-07,더 뉴 그랜저 3.3,225000,4,가솔린
2023-08-08,캐스퍼,79200,4,가솔린
2023-08-08,더 뉴 K3,79800,4,가솔린
2023-08-08,아반떼 AD ,79800,4,가솔린
2023-08-08,올 뉴 아반떼,79800,4,가솔린
2023-08-08,INTERACTIVE K5,123600,4,가솔린
2023-08-08,볼트,72100,4,전기차
2023-08-08,쏘나타 DN8,123600,4,가솔린
2023-08-08,INTERACTIVE K5,127200,4,하이브리드
2023-08-08,THE ALL NEW NIRO,130800,4,하이브리드
2023-08-08,EV6 2WD,145200,4,전기차
2023-08-08,스포티지 NQ5 2WD,158400,4,하이브리드
2023-08-08,스포티지 NQ5 2WD 1.6T,158400,4,가솔린
2023-08-08,더 뉴 그랜드 스타렉스,174000,9,디젤
2023-08-08,스타리아,182400,1,디젤
2023-08-08,더 뉴 카니발,196200,9,디젤
2023-08-08,카니발 KA4,196200,9,디젤
2023-08-08,EV6 4WD,198000,4,전기차
2023-08-08,K8 2.5,207000,4,가솔린
2023-08-08,더 뉴 그랜저 2.4,217800,4,하이브리드
2023-08-08,팰리세이드 2WD,224400,7,디젤
2023-08-08,All New G80 2.5,289800,4,가솔린
2023-08-08,GV80 4WD,327000,5,디젤
2023-08-08,G90 3.8,348000,4,가솔린
2023-08-08,ALL NEW K3,72600,4,가솔린
2023-08-08,니로,98100,4,전기차
2023-08-08,더 뉴 그랜드 스타렉스,159600,1,디젤
2023-08-08,더 뉴 싼타페 2WD,178200,5,디젤
2023-08-08,쏘렌토 MQ4,178200,5,하이브리드
2023-08-08,더 뉴 그랜저 3.3,225000,4,가솔린
2023-08-09,캐스퍼,79200,4,가솔린
2023-08-09,더 뉴 K3,79800,4,가솔린
2023-08-09,올 뉴 아반떼,79800,4,가솔린
2023-08-09,INTERACTIVE K5,123600,4,가솔린
2023-08-09,볼트,72100,4,전기차
2023-08-09,쏘나타 DN8,123600,4,가솔린
2023-08-09,INTERACTIVE K5,127200,4,하이브리드
2023-08-09,THE ALL NEW NIRO,130800,4,하이브리드
2023-08-09,EV6 2WD,145200,4,전기차
2023-08-09,스포티지 NQ5 2WD,158400,4,하이브리드
2023-08-09,스포티지 NQ5 2WD 1.6T,158400,4,가솔린
2023-08-09,더 뉴 그랜드 스타렉스,174000,9,디젤
2023-08-09,더 뉴 싼타페 2WD,178200,5,디젤
2023-08-09,스타리아,182400,1,디젤
2023-08-09,더 뉴 카니발,196200,9,디젤
2023-08-09,카니발 KA4,196200,9,디젤
2023-08-09,EV6 4WD,198000,4,전기차
2023-08-09,K8 2.5,207000,4,가솔린
2023-08-09,더 뉴 그랜저 2.4,217800,4,하이브리드
2023-08-09,팰리세이드 2WD,224400,7,디젤
2023-08-09,All New G80 2.5,289800,4,가솔린
2023-08-09,GV80 4WD,327000,5,디젤
2023-08-09,G90 3.8,348000,4,가솔린
2023-08-09,ALL NEW K3,72600,4,가솔린
2023-08-09,아반떼 AD ,79800,4,가솔린
2023-08-09,니로,98100,4,전기차
2023-08-09,더 뉴 그랜드 스타렉스,159600,1,디젤
2023-08-09,쏘렌토 MQ4,178200,5,하이브리드
2023-08-09,더 뉴 그랜저 3.3,225000,4,가솔린
2023-08-10,캐스퍼,79200,4,가솔린
2023-08-10,더 뉴 K3,79800,4,가솔린
2023-08-10,올 뉴 아반떼,79800,4,가솔린
2023-08-10,INTERACTIVE K5,123600,4,가솔린
2023-08-10,볼트,72100,4,전기차
2023-08-10,쏘나타 DN8,123600,4,가솔린
2023-08-10,INTERACTIVE K5,127200,4,하이브리드
2023-08-10,THE ALL NEW NIRO,130800,4,하이브리드
2023-08-10,EV6 2WD,145200,4,전기차
2023-08-10,스포티지 NQ5 2WD,158400,4,하이브리드
2023-08-10,스포티지 NQ5 2WD 1.6T,158400,4,가솔린
2023-08-10,더 뉴 그랜드 스타렉스,159600,1,디젤
2023-08-10,더 뉴 그랜드 스타렉스,174000,9,디젤
2023-08-10,더 뉴 싼타페 2WD,178200,5,디젤
2023-08-10,스타리아,182400,1,디젤
2023-08-10,더 뉴 카니발,196200,9,디젤
2023-08-10,카니발 KA4,196200,9,디젤
2023-08-10,EV6 4WD,198000,4,전기차
2023-08-10,K8 2.5,207000,4,가솔린
2023-08-10,더 뉴 그랜저 2.4,217800,4,하이브리드
2023-08-10,더 뉴 그랜저 3.3,225000,4,가솔린
2023-08-10,All New G80 2.5,289800,4,가솔린
2023-08-10,GV80 4WD,327000,5,디젤
2023-08-10,G90 3.8,348000,4,가솔린
2023-08-10,ALL NEW K3,72600,4,가솔린
2023-08-10,아반떼 AD ,79800,4,가솔린
2023-08-10,니로,98100,4,전기차
2023-08-10,쏘렌토 MQ4,178200,5,하이브리드
2023-08-10,팰리세이드 2WD,224400,7,디젤
2023-08-11,캐스퍼,79200,4,가솔린
2023-08-11,더 뉴 K3,79800,4,가솔린
2023-08-11,올 뉴 아반떼,79800,4,가솔린
2023-08-11,INTERACTIVE K5,123600,4,가솔린
2023-08-11,볼트,72100,4,전기차
2023-08-11,쏘나타 DN8,123600,4,가솔린
2023-08-11,INTERACTIVE K5,127200,4,하이브리드
2023-08-11,THE ALL NEW NIRO,130800,4,하이브리드
2023-08-11,EV6 2WD,145200,4,전기차
2023-08-11,스포티지 NQ5 2WD,158400,4,하이브리드
2023-08-11,스포티지 NQ5 2WD 1.6T,158400,4,가솔린
2023-08-11,더 뉴 그랜드 스타렉스,174000,9,디젤
2023-08-11,더 뉴 싼타페 2WD,178200,5,디젤
2023-08-11,스타리아,182400,1,디젤
2023-08-11,더 뉴 카니발,196200,9,디젤
2023-08-11,카니발 KA4,196200,9,디젤
2023-08-11,EV6 4WD,198000,4,전기차
2023-08-11,K8 2.5,207000,4,가솔린
2023-08-11,더 뉴 그랜저 2.4,217800,4,하이브리드
2023-08-11,더 뉴 그랜저 3.3,225000,4,가솔린
2023-08-11,All New G80 2.5,289800,4,가솔린
2023-08-11,GV80 4WD,327000,5,디젤
2023-08-11,G90 3.8,348000,4,가솔린
2023-08-11,ALL NEW K3,72600,4,가솔린
2023-08-11,아반떼 AD ,79800,4,가솔린
2023-08-11,니로,98100,4,전기차
2023-08-11,더 뉴 그랜드 스타렉스,159600,1,디젤
2023-08-11,쏘렌토 MQ4,178200,5,하이브리드
2023-08-11,팰리세이드 2WD,224400,7,디젤
2023-08-12,캐스퍼,85800,4,가솔린
2023-08-12,더 뉴 K3,86450,4,가솔린
2023-08-12,올 뉴 아반떼,86450,4,가솔린
2023-08-12,INTERACTIVE K5,133900,4,가솔린
2023-08-12,볼트,72100,4,전기차
2023-08-12,쏘나타 DN8,133900,4,가솔린
2023-08-12,INTERACTIVE K5,137800,4,하이브리드
2023-08-12,THE ALL NEW NIRO,141700,4,하이브리드
2023-08-12,EV6 2WD,157300,4,전기차
2023-08-12,스포티지 NQ5 2WD,171600,4,하이브리드
2023-08-12,스포티지 NQ5 2WD 1.6T,171600,4,가솔린
2023-08-12,더 뉴 그랜드 스타렉스,188500,9,디젤
2023-08-12,더 뉴 싼타페 2WD,193050,5,디젤
2023-08-12,스타리아,197600,1,디젤
2023-08-12,더 뉴 카니발,212550,9,디젤
2023-08-12,카니발 KA4,212550,9,디젤
2023-08-12,EV6 4WD,214500,4,전기차
2023-08-12,K8 2.5,224250,4,가솔린
2023-08-12,더 뉴 그랜저 2.4,235950,4,하이브리드
2023-08-12,팰리세이드 2WD,243100,7,디젤
2023-08-12,더 뉴 그랜저 3.3,243750,4,가솔린
2023-08-12,All New G80 2.5,313950,4,가솔린
2023-08-12,GV80 4WD,354250,5,디젤
2023-08-12,G90 3.8,377000,4,가솔린
2023-08-12,ALL NEW K3,78650,4,가솔린
2023-08-12,아반떼 AD ,86450,4,가솔린
2023-08-12,니로,98100,4,전기차
2023-08-12,더 뉴 그랜드 스타렉스,172900,1,디젤
2023-08-12,쏘렌토 MQ4,193050,5,하이브리드
2023-08-13,캐스퍼,85800,4,가솔린
2023-08-13,더 뉴 K3,86450,4,가솔린
2023-08-13,올 뉴 아반떼,86450,4,가솔린
2023-08-13,INTERACTIVE K5,133900,4,가솔린
2023-08-13,볼트,72100,4,전기차
2023-08-13,쏘나타 DN8,133900,4,가솔린
2023-08-13,INTERACTIVE K5,137800,4,하이브리드
2023-08-13,THE ALL NEW NIRO,141700,4,하이브리드
2023-08-13,EV6 2WD,157300,4,전기차
2023-08-13,스포티지 NQ5 2WD,171600,4,하이브리드
2023-08-13,스포티지 NQ5 2WD 1.6T,171600,4,가솔린
2023-08-13,더 뉴 그랜드 스타렉스,188500,9,디젤
2023-08-13,더 뉴 싼타페 2WD,193050,5,디젤
2023-08-13,스타리아,197600,1,디젤
2023-08-13,더 뉴 카니발,212550,9,디젤
2023-08-13,카니발 KA4,212550,9,디젤
2023-08-13,EV6 4WD,214500,4,전기차
2023-08-13,K8 2.5,224250,4,가솔린
2023-08-13,더 뉴 그랜저 2.4,235950,4,하이브리드
2023-08-13,팰리세이드 2WD,243100,7,디젤
2023-08-13,더 뉴 그랜저 3.3,243750,4,가솔린
2023-08-13,All New G80 2.5,313950,4,가솔린
2023-08-13,GV80 4WD,354250,5,디젤
2023-08-13,G90 3.8,377000,4,가솔린
2023-08-13,ALL NEW K3,78650,4,가솔린
2023-08-13,아반떼 AD ,86450,4,가솔린
2023-08-13,니로,98100,4,전기차
2023-08-13,더 뉴 그랜드 스타렉스,172900,1,디젤
2023-08-13,쏘렌토 MQ4,193050,5,하이브리드
2023-08-14,캐스퍼,79200,4,가솔린
2023-08-14,더 뉴 K3,79800,4,가솔린
2023-08-14,올 뉴 아반떼,79800,4,가솔린
2023-08-14,INTERACTIVE K5,123600,4,가솔린
2023-08-14,볼트,72100,4,전기차
2023-08-14,쏘나타 DN8,123600,4,가솔린
2023-08-14,INTERACTIVE K5,127200,4,하이브리드
2023-08-14,EV6 2WD,145200,4,전기차
2023-08-14,스포티지 NQ5 2WD,158400,4,하이브리드
2023-08-14,스포티지 NQ5 2WD 1.6T,158400,4,가솔린
2023-08-14,더 뉴 그랜드 스타렉스,159600,1,디젤
2023-08-14,더 뉴 그랜드 스타렉스,174000,9,디젤
2023-08-14,더 뉴 싼타페 2WD,178200,5,디젤
2023-08-14,스타리아,182400,1,디젤
2023-08-14,더 뉴 카니발,196200,9,디젤
2023-08-14,카니발 KA4,196200,9,디젤
2023-08-14,EV6 4WD,198000,4,전기차
2023-08-14,K8 2.5,207000,4,가솔린
2023-08-14,더 뉴 그랜저 2.4,217800,4,하이브리드
2023-08-14,팰리세이드 2WD,224400,7,디젤
2023-08-14,더 뉴 그랜저 3.3,225000,4,가솔린
2023-08-14,All New G80 2.5,289800,4,가솔린
2023-08-14,GV80 4WD,327000,5,디젤
2023-08-14,G90 3.8,348000,4,가솔린
2023-08-14,ALL NEW K3,72600,4,가솔린
2023-08-14,아반떼 AD ,79800,4,가솔린
2023-08-14,THE ALL NEW NIRO,130800,4,하이브리드
2023-08-14,니로,98100,4,전기차
2023-08-14,쏘렌토 MQ4,178200,5,하이브리드
2023-08-15,캐스퍼,85800,4,가솔린
2023-08-15,더 뉴 K3,86450,4,가솔린
2023-08-15,올 뉴 아반떼,86450,4,가솔린
2023-08-15,INTERACTIVE K5,133900,4,가솔린
2023-08-15,볼트,72100,4,전기차
2023-08-15,쏘나타 DN8,133900,4,가솔린
2023-08-15,INTERACTIVE K5,137800,4,하이브리드
2023-08-15,EV6 2WD,157300,4,전기차
2023-08-15,스포티지 NQ5 2WD,171600,4,하이브리드
2023-08-15,스포티지 NQ5 2WD 1.6T,171600,4,가솔린
2023-08-15,더 뉴 그랜드 스타렉스,172900,1,디젤
2023-08-15,더 뉴 그랜드 스타렉스,188500,9,디젤
2023-08-15,더 뉴 싼타페 2WD,193050,5,디젤
2023-08-15,스타리아,197600,1,디젤
2023-08-15,더 뉴 카니발,212550,9,디젤
2023-08-15,카니발 KA4,212550,9,디젤
2023-08-15,EV6 4WD,214500,4,전기차
2023-08-15,K8 2.5,224250,4,가솔린
2023-08-15,더 뉴 그랜저 2.4,235950,4,하이브리드
2023-08-15,팰리세이드 2WD,243100,7,디젤
2023-08-15,더 뉴 그랜저 3.3,243750,4,가솔린
2023-08-15,All New G80 2.5,313950,4,가솔린
2023-08-15,GV80 4WD,354250,5,디젤
2023-08-15,G90 3.8,377000,4,가솔린
2023-08-15,ALL NEW K3,78650,4,가솔린
2023-08-15,아반떼 AD ,86450,4,가솔린
2023-08-15,THE ALL NEW NIRO,141700,4,하이브리드
2023-08-15,니로,98100,4,전기차
2023-08-15,쏘렌토 MQ4,193050,5,하이브리드
2023-08-16,캐스퍼,75600,4,가솔린
2023-08-16,더 뉴 K3,76200,4,가솔린
2023-08-16,올 뉴 아반떼,76200,4,가솔린
2023-08-16,INTERACTIVE K5,117600,4,가솔린
2023-08-16,볼트,68600,4,전기차
2023-08-16,쏘나타 DN8,117600,4,가솔린
2023-08-16,INTERACTIVE K5,121800,4,하이브리드
2023-08-16,EV6 2WD,138600,4,전기차
2023-08-16,스포티지 NQ5 2WD,151200,4,하이브리드
2023-08-16,스포티지 NQ5 2WD 1.6T,151200,4,가솔린
2023-08-16,더 뉴 그랜드 스타렉스,152400,1,디젤
2023-08-16,더 뉴 그랜드 스타렉스,166200,9,디젤
2023-08-16,더 뉴 싼타페 2WD,170400,5,디젤
2023-08-16,쏘렌토 MQ4,170400,5,하이브리드
2023-08-16,스타리아,174000,1,디젤
2023-08-16,더 뉴 카니발,187200,9,디젤
2023-08-16,카니발 KA4,187200,9,디젤
2023-08-16,EV6 4WD,189000,4,전기차
2023-08-16,K8 2.5,198000,4,가솔린
2023-08-16,더 뉴 그랜저 2.4,208200,4,하이브리드
2023-08-16,더 뉴 그랜저 3.3,214800,4,가솔린
2023-08-16,팰리세이드 2WD,224400,7,디젤
2023-08-16,All New G80 2.5,276600,4,가솔린
2023-08-16,G90 3.8,331800,4,가솔린
2023-08-16,ALL NEW K3,72600,4,가솔린
2023-08-16,아반떼 AD ,76200,4,가솔린
2023-08-16,THE ALL NEW NIRO,124800,4,하이브리드
2023-08-16,니로,93600,4,전기차
2023-08-16,GV80 4WD,312000,5,디젤
2023-08-17,캐스퍼,75600,4,가솔린
2023-08-17,더 뉴 K3,76200,4,가솔린
2023-08-17,아반떼 AD ,76200,4,가솔린
2023-08-17,올 뉴 아반떼,76200,4,가솔린
2023-08-17,INTERACTIVE K5,117600,4,가솔린
2023-08-17,볼트,68600,4,전기차
2023-08-17,쏘나타 DN8,117600,4,가솔린
2023-08-17,INTERACTIVE K5,121800,4,하이브리드
2023-08-17,EV6 2WD,138600,4,전기차
2023-08-17,스포티지 NQ5 2WD,151200,4,하이브리드
2023-08-17,스포티지 NQ5 2WD 1.6T,151200,4,가솔린
2023-08-17,더 뉴 그랜드 스타렉스,152400,1,디젤
2023-08-17,더 뉴 그랜드 스타렉스,166200,9,디젤
2023-08-17,더 뉴 싼타페 2WD,170400,5,디젤
2023-08-17,스타리아,174000,1,디젤
2023-08-17,더 뉴 카니발,187200,9,디젤
2023-08-17,카니발 KA4,187200,9,디젤
2023-08-17,EV6 4WD,189000,4,전기차
2023-08-17,K8 2.5,198000,4,가솔린
2023-08-17,더 뉴 그랜저 2.4,208200,4,하이브리드
2023-08-17,더 뉴 그랜저 3.3,214800,4,가솔린
2023-08-17,팰리세이드 2WD,224400,7,디젤
2023-08-17,All New G80 2.5,276600,4,가솔린
2023-08-17,G90 3.8,331800,4,가솔린
2023-08-17,ALL NEW K3,72600,4,가솔린
2023-08-17,THE ALL NEW NIRO,124800,4,하이브리드
2023-08-17,니로,93600,4,전기차
2023-08-17,쏘렌토 MQ4,170400,5,하이브리드
2023-08-17,GV80 4WD,312000,5,디젤
2023-08-18,캐스퍼,75600,4,가솔린
2023-08-18,더 뉴 K3,76200,4,가솔린
2023-08-18,아반떼 AD ,76200,4,가솔린
2023-08-18,올 뉴 아반떼,76200,4,가솔린
2023-08-18,INTERACTIVE K5,117600,4,가솔린
2023-08-18,볼트,68600,4,전기차
2023-08-18,쏘나타 DN8,117600,4,가솔린
2023-08-18,INTERACTIVE K5,121800,4,하이브리드
2023-08-18,THE ALL NEW NIRO,124800,4,하이브리드
2023-08-18,EV6 2WD,138600,4,전기차
2023-08-18,스포티지 NQ5 2WD,151200,4,하이브리드
2023-08-18,스포티지 NQ5 2WD 1.6T,151200,4,가솔린
2023-08-18,더 뉴 그랜드 스타렉스,166200,9,디젤
2023-08-18,더 뉴 싼타페 2WD,170400,5,디젤
2023-08-18,스타리아,174000,1,디젤
2023-08-18,더 뉴 카니발,187200,9,디젤
2023-08-18,카니발 KA4,187200,9,디젤
2023-08-18,EV6 4WD,189000,4,전기차
2023-08-18,K8 2.5,198000,4,가솔린
2023-08-18,더 뉴 그랜저 2.4,208200,4,하이브리드
2023-08-18,더 뉴 그랜저 3.3,214800,4,가솔린
2023-08-18,팰리세이드 2WD,224400,7,디젤
2023-08-18,All New G80 2.5,276600,4,가솔린
2023-08-18,G90 3.8,331800,4,가솔린
2023-08-18,ALL NEW K3,72600,4,가솔린
2023-08-18,니로,93600,4,전기차
2023-08-18,더 뉴 그랜드 스타렉스,152400,1,디젤
2023-08-18,쏘렌토 MQ4,170400,5,하이브리드
2023-08-18,GV80 4WD,312000,5,디젤
2023-08-19,캐스퍼,81900,4,가솔린
2023-08-19,더 뉴 K3,82550,4,가솔린
2023-08-19,아반떼 AD ,82550,4,가솔린
2023-08-19,올 뉴 아반떼,82550,4,가솔린
2023-08-19,INTERACTIVE K5,127400,4,가솔린
2023-08-19,볼트,68600,4,전기차
2023-08-19,쏘나타 DN8,127400,4,가솔린
2023-08-19,INTERACTIVE K5,131950,4,하이브리드
2023-08-19,THE ALL NEW NIRO,135200,4,하이브리드
2023-08-19,니로,93600,4,전기차
2023-08-19,EV6 2WD,150150,4,전기차
2023-08-19,스포티지 NQ5 2WD,163800,4,하이브리드
2023-08-19,스포티지 NQ5 2WD 1.6T,163800,4,가솔린
2023-08-19,더 뉴 그랜드 스타렉스,180050,9,디젤
2023-08-19,더 뉴 싼타페 2WD,184600,5,디젤
2023-08-19,스타리아,188500,1,디젤
2023-08-19,더 뉴 카니발,202800,9,디젤
2023-08-19,카니발 KA4,202800,9,디젤
2023-08-19,EV6 4WD,204750,4,전기차
2023-08-19,K8 2.5,214500,4,가솔린
2023-08-19,더 뉴 그랜저 2.4,225550,4,하이브리드
2023-08-19,더 뉴 그랜저 3.3,232700,4,가솔린
2023-08-19,팰리세이드 2WD,243100,7,디젤
2023-08-19,All New G80 2.5,299650,4,가솔린
2023-08-19,G90 3.8,359450,4,가솔린
2023-08-19,ALL NEW K3,78650,4,가솔린
2023-08-19,더 뉴 그랜드 스타렉스,165100,1,디젤
2023-08-19,쏘렌토 MQ4,184600,5,하이브리드
2023-08-19,GV80 4WD,338000,5,디젤
2023-08-20,캐스퍼,81900,4,가솔린
2023-08-20,더 뉴 K3,82550,4,가솔린
2023-08-20,아반떼 AD ,82550,4,가솔린
2023-08-20,올 뉴 아반떼,82550,4,가솔린
2023-08-20,INTERACTIVE K5,127400,4,가솔린
2023-08-20,볼트,68600,4,전기차
2023-08-20,쏘나타 DN8,127400,4,가솔린
2023-08-20,INTERACTIVE K5,131950,4,하이브리드
2023-08-20,니로,93600,4,전기차
2023-08-20,EV6 2WD,150150,4,전기차
2023-08-20,스포티지 NQ5 2WD,163800,4,하이브리드
2023-08-20,스포티지 NQ5 2WD 1.6T,163800,4,가솔린
2023-08-20,더 뉴 그랜드 스타렉스,180050,9,디젤
2023-08-20,더 뉴 싼타페 2WD,184600,5,디젤
2023-08-20,스타리아,188500,1,디젤
2023-08-20,더 뉴 카니발,202800,9,디젤
2023-08-20,카니발 KA4,202800,9,디젤
2023-08-20,EV6 4WD,204750,4,전기차
2023-08-20,K8 2.5,214500,4,가솔린
2023-08-20,더 뉴 그랜저 2.4,225550,4,하이브리드
2023-08-20,더 뉴 그랜저 3.3,232700,4,가솔린
2023-08-20,팰리세이드 2WD,243100,7,디젤
2023-08-20,All New G80 2.5,299650,4,가솔린
2023-08-20,GV80 4WD,338000,5,디젤
2023-08-20,G90 3.8,359450,4,가솔린
2023-08-20,ALL NEW K3,78650,4,가솔린
2023-08-20,THE ALL NEW NIRO,135200,4,하이브리드
2023-08-20,더 뉴 그랜드 스타렉스,165100,1,디젤
2023-08-20,쏘렌토 MQ4,184600,5,하이브리드
2023-08-21,캐스퍼,75600,4,가솔린
2023-08-21,더 뉴 K3,76200,4,가솔린
2023-08-21,아반떼 AD ,76200,4,가솔린
2023-08-21,올 뉴 아반떼,76200,4,가솔린
2023-08-21,INTERACTIVE K5,117600,4,가솔린
2023-08-21,볼트,68600,4,전기차
2023-08-21,쏘나타 DN8,117600,4,가솔린
2023-08-21,INTERACTIVE K5,121800,4,하이브리드
2023-08-21,니로,93600,4,전기차
2023-08-21,EV6 2WD,138600,4,전기차
2023-08-21,스포티지 NQ5 2WD,151200,4,하이브리드
2023-08-21,스포티지 NQ5 2WD 1.6T,151200,4,가솔린
2023-08-21,더 뉴 싼타페 2WD,170400,5,디젤
2023-08-21,쏘렌토 MQ4,170400,5,하이브리드
2023-08-21,스타리아,174000,1,디젤
2023-08-21,더 뉴 카니발,187200,9,디젤
2023-08-21,카니발 KA4,187200,9,디젤
2023-08-21,EV6 4WD,189000,4,전기차
2023-08-21,K8 2.5,198000,4,가솔린
2023-08-21,더 뉴 그랜저 2.4,208200,4,하이브리드
2023-08-21,더 뉴 그랜저 3.3,214800,4,가솔린
2023-08-21,팰리세이드 2WD,224400,7,디젤
2023-08-21,All New G80 2.5,276600,4,가솔린
2023-08-21,GV80 4WD,312000,5,디젤
2023-08-21,G90 3.8,331800,4,가솔린
2023-08-21,ALL NEW K3,72600,4,가솔린
2023-08-21,THE ALL NEW NIRO,124800,4,하이브리드
2023-08-21,더 뉴 그랜드 스타렉스,152400,1,디젤
2023-08-21,더 뉴 그랜드 스타렉스,166200,9,디젤
2023-08-22,더 뉴 K3,76200,4,가솔린
2023-08-22,아반떼 AD ,76200,4,가솔린
2023-08-22,올 뉴 아반떼,76200,4,가솔린
2023-08-22,INTERACTIVE K5,117600,4,가솔린
2023-08-22,볼트,68600,4,전기차
2023-08-22,쏘나타 DN8,117600,4,가솔린
2023-08-22,INTERACTIVE K5,121800,4,하이브리드
2023-08-22,니로,93600,4,전기차
2023-08-22,EV6 2WD,138600,4,전기차
2023-08-22,스포티지 NQ5 2WD,151200,4,하이브리드
2023-08-22,스포티지 NQ5 2WD 1.6T,151200,4,가솔린
2023-08-22,더 뉴 싼타페 2WD,170400,5,디젤
2023-08-22,쏘렌토 MQ4,170400,5,하이브리드
2023-08-22,스타리아,174000,1,디젤
2023-08-22,더 뉴 카니발,187200,9,디젤
2023-08-22,카니발 KA4,187200,9,디젤
2023-08-22,EV6 4WD,189000,4,전기차
2023-08-22,K8 2.5,198000,4,가솔린
2023-08-22,더 뉴 그랜저 2.4,208200,4,하이브리드
2023-08-22,더 뉴 그랜저 3.3,214800,4,가솔린
2023-08-22,팰리세이드 2WD,224400,7,디젤
2023-08-22,All New G80 2.5,276600,4,가솔린
2023-08-22,GV80 4WD,312000,5,디젤
2023-08-22,G90 3.8,331800,4,가솔린
2023-08-22,ALL NEW K3,72600,4,가솔린
2023-08-22,캐스퍼,75600,4,가솔린
2023-08-22,THE ALL NEW NIRO,124800,4,하이브리드
2023-08-22,더 뉴 그랜드 스타렉스,152400,1,디젤
2023-08-22,더 뉴 그랜드 스타렉스,166200,9,디젤
2023-08-23,ALL NEW K3,72600,4,가솔린
2023-08-23,더 뉴 K3,76200,4,가솔린
2023-08-23,아반떼 AD ,76200,4,가솔린
2023-08-23,올 뉴 아반떼,76200,4,가솔린
2023-08-23,INTERACTIVE K5,117600,4,가솔린
2023-08-23,볼트,68600,4,전기차
2023-08-23,쏘나타 DN8,117600,4,가솔린
2023-08-23,INTERACTIVE K5,121800,4,하이브리드
2023-08-23,니로,93600,4,전기차
2023-08-23,EV6 2WD,138600,4,전기차
2023-08-23,스포티지 NQ5 2WD,151200,4,하이브리드
2023-08-23,스포티지 NQ5 2WD 1.6T,151200,4,가솔린
2023-08-23,더 뉴 싼타페 2WD,170400,5,디젤
2023-08-23,쏘렌토 MQ4,170400,5,하이브리드
2023-08-23,스타리아,174000,1,디젤
2023-08-23,더 뉴 카니발,187200,9,디젤
2023-08-23,카니발 KA4,187200,9,디젤
2023-08-23,EV6 4WD,189000,4,전기차
2023-08-23,K8 2.5,198000,4,가솔린
2023-08-23,더 뉴 그랜저 2.4,208200,4,하이브리드
2023-08-23,더 뉴 그랜저 3.3,214800,4,가솔린
2023-08-23,팰리세이드 2WD,224400,7,디젤
2023-08-23,All New G80 2.5,276600,4,가솔린
2023-08-23,GV80 4WD,312000,5,디젤
2023-08-23,G90 3.8,331800,4,가솔린
2023-08-23,캐스퍼,75600,4,가솔린
2023-08-23,THE ALL NEW NIRO,124800,4,하이브리드
2023-08-23,더 뉴 그랜드 스타렉스,152400,1,디젤
2023-08-23,더 뉴 그랜드 스타렉스,166200,9,디젤
2023-08-24,ALL NEW K3,72600,4,가솔린
2023-08-24,더 뉴 K3,76200,4,가솔린
2023-08-24,아반떼 AD ,76200,4,가솔린
2023-08-24,올 뉴 아반떼,76200,4,가솔린
2023-08-24,INTERACTIVE K5,117600,4,가솔린
2023-08-24,볼트,68600,4,전기차
2023-08-24,쏘나타 DN8,117600,4,가솔린
2023-08-24,INTERACTIVE K5,121800,4,하이브리드
2023-08-24,니로,93600,4,전기차
2023-08-24,EV6 2WD,138600,4,전기차
2023-08-24,스포티지 NQ5 2WD 1.6T,151200,4,가솔린
2023-08-24,더 뉴 싼타페 2WD,170400,5,디젤
2023-08-24,쏘렌토 MQ4,170400,5,하이브리드
2023-08-24,스타리아,174000,1,디젤
2023-08-24,더 뉴 카니발,187200,9,디젤
2023-08-24,카니발 KA4,187200,9,디젤
2023-08-24,EV6 4WD,189000,4,전기차
2023-08-24,K8 2.5,198000,4,가솔린
2023-08-24,더 뉴 그랜저 2.4,208200,4,하이브리드
2023-08-24,더 뉴 그랜저 3.3,214800,4,가솔린
2023-08-24,팰리세이드 2WD,224400,7,디젤
2023-08-24,All New G80 2.5,276600,4,가솔린
2023-08-24,GV80 4WD,312000,5,디젤
2023-08-24,G90 3.8,331800,4,가솔린
2023-08-24,캐스퍼,75600,4,가솔린
2023-08-24,THE ALL NEW NIRO,124800,4,하이브리드
2023-08-24,스포티지 NQ5 2WD,151200,4,하이브리드
2023-08-24,더 뉴 그랜드 스타렉스,152400,1,디젤
2023-08-24,더 뉴 그랜드 스타렉스,166200,9,디젤
2023-08-25,캐스퍼,75600,4,가솔린
2023-08-25,더 뉴 K3,76200,4,가솔린
2023-08-25,아반떼 AD ,76200,4,가솔린
2023-08-25,올 뉴 아반떼,76200,4,가솔린
2023-08-25,INTERACTIVE K5,117600,4,가솔린
2023-08-25,볼트,68600,4,전기차
2023-08-25,쏘나타 DN8,117600,4,가솔린
2023-08-25,INTERACTIVE K5,121800,4,하이브리드
2023-08-25,니로,93600,4,전기차
2023-08-25,EV6 2WD,138600,4,전기차
2023-08-25,스포티지 NQ5 2WD 1.6T,151200,4,가솔린
2023-08-25,더 뉴 싼타페 2WD,170400,5,디젤
2023-08-25,스타리아,174000,1,디젤
2023-08-25,더 뉴 카니발,187200,9,디젤
2023-08-25,카니발 KA4,187200,9,디젤
2023-08-25,EV6 4WD,189000,4,전기차
2023-08-25,K8 2.5,198000,4,가솔린
2023-08-25,더 뉴 그랜저 2.4,208200,4,하이브리드
2023-08-25,더 뉴 그랜저 3.3,214800,4,가솔린
2023-08-25,팰리세이드 2WD,224400,7,디젤
2023-08-25,All New G80 2.5,276600,4,가솔린
2023-08-25,GV80 4WD,312000,5,디젤
2023-08-25,G90 3.8,331800,4,가솔린
2023-08-25,ALL NEW K3,72600,4,가솔린
2023-08-25,THE ALL NEW NIRO,124800,4,하이브리드
2023-08-25,스포티지 NQ5 2WD,151200,4,하이브리드
2023-08-25,더 뉴 그랜드 스타렉스,152400,1,디젤
2023-08-25,더 뉴 그랜드 스타렉스,166200,9,디젤
2023-08-25,쏘렌토 MQ4,170400,5,하이브리드
2023-08-26,캐스퍼,81900,4,가솔린
2023-08-26,더 뉴 K3,82550,4,가솔린
2023-08-26,아반떼 AD ,82550,4,가솔린
2023-08-26,올 뉴 아반떼,82550,4,가솔린
2023-08-26,INTERACTIVE K5,127400,4,가솔린
2023-08-26,볼트,68600,4,전기차
2023-08-26,쏘나타 DN8,127400,4,가솔린
2023-08-26,INTERACTIVE K5,131950,4,하이브리드
2023-08-26,니로,93600,4,전기차
2023-08-26,EV6 2WD,150150,4,전기차
2023-08-26,스포티지 NQ5 2WD 1.6T,163800,4,가솔린
2023-08-26,더 뉴 싼타페 2WD,184600,5,디젤
2023-08-26,스타리아,188500,1,디젤
2023-08-26,더 뉴 카니발,202800,9,디젤
2023-08-26,카니발 KA4,202800,9,디젤
2023-08-26,EV6 4WD,204750,4,전기차
2023-08-26,K8 2.5,214500,4,가솔린
2023-08-26,더 뉴 그랜저 2.4,225550,4,하이브리드
2023-08-26,더 뉴 그랜저 3.3,232700,4,가솔린
2023-08-26,팰리세이드 2WD,243100,7,디젤
2023-08-26,All New G80 2.5,299650,4,가솔린
2023-08-26,G90 3.8,359450,4,가솔린
2023-08-26,ALL NEW K3,78650,4,가솔린
2023-08-26,THE ALL NEW NIRO,135200,4,하이브리드
2023-08-26,스포티지 NQ5 2WD,163800,4,하이브리드
2023-08-26,더 뉴 그랜드 스타렉스,165100,1,디젤
2023-08-26,더 뉴 그랜드 스타렉스,180050,9,디젤
2023-08-26,쏘렌토 MQ4,184600,5,하이브리드
2023-08-26,GV80 4WD,338000,5,디젤
2023-08-27,캐스퍼,81900,4,가솔린
2023-08-27,더 뉴 K3,82550,4,가솔린
2023-08-27,아반떼 AD ,82550,4,가솔린
2023-08-27,올 뉴 아반떼,82550,4,가솔린
2023-08-27,INTERACTIVE K5,127400,4,가솔린
2023-08-27,볼트,68600,4,전기차
2023-08-27,쏘나타 DN8,127400,4,가솔린
2023-08-27,INTERACTIVE K5,131950,4,하이브리드
2023-08-27,니로,93600,4,전기차
2023-08-27,EV6 2WD,150150,4,전기차
2023-08-27,스포티지 NQ5 2WD 1.6T,163800,4,가솔린
2023-08-27,더 뉴 싼타페 2WD,184600,5,디젤
2023-08-27,스타리아,188500,1,디젤
2023-08-27,더 뉴 카니발,202800,9,디젤
2023-08-27,카니발 KA4,202800,9,디젤
2023-08-27,EV6 4WD,204750,4,전기차
2023-08-27,K8 2.5,214500,4,가솔린
2023-08-27,더 뉴 그랜저 2.4,225550,4,하이브리드
2023-08-27,더 뉴 그랜저 3.3,232700,4,가솔린
2023-08-27,팰리세이드 2WD,243100,7,디젤
2023-08-27,All New G80 2.5,299650,4,가솔린
2023-08-27,G90 3.8,359450,4,가솔린
2023-08-27,ALL NEW K3,78650,4,가솔린
2023-08-27,THE ALL NEW NIRO,135200,4,하이브리드
2023-08-27,스포티지 NQ5 2WD,163800,4,하이브리드
2023-08-27,더 뉴 그랜드 스타렉스,165100,1,디젤
2023-08-27,더 뉴 그랜드 스타렉스,180050,9,디젤
2023-08-27,쏘렌토 MQ4,184600,5,하이브리드
2023-08-27,GV80 4WD,338000,5,디젤
2023-08-28,캐스퍼,75600,4,가솔린
2023-08-28,더 뉴 K3,76200,4,가솔린
2023-08-28,아반떼 AD ,76200,4,가솔린
2023-08-28,올 뉴 아반떼,76200,4,가솔린
2023-08-28,INTERACTIVE K5,117600,4,가솔린
2023-08-28,볼트,68600,4,전기차
2023-08-28,쏘나타 DN8,117600,4,가솔린
2023-08-28,INTERACTIVE K5,121800,4,하이브리드
2023-08-28,니로,93600,4,전기차
2023-08-28,EV6 2WD,138600,4,전기차
2023-08-28,스포티지 NQ5 2WD,151200,4,하이브리드
2023-08-28,스포티지 NQ5 2WD 1.6T,151200,4,가솔린
2023-08-28,더 뉴 그랜드 스타렉스,152400,1,디젤
2023-08-28,더 뉴 싼타페 2WD,170400,5,디젤
2023-08-28,스타리아,174000,1,디젤
2023-08-28,더 뉴 카니발,187200,9,디젤
2023-08-28,카니발 KA4,187200,9,디젤
2023-08-28,EV6 4WD,189000,4,전기차
2023-08-28,K8 2.5,198000,4,가솔린
2023-08-28,더 뉴 그랜저 2.4,208200,4,하이브리드
2023-08-28,더 뉴 그랜저 3.3,214800,4,가솔린
2023-08-28,팰리세이드 2WD,224400,7,디젤
2023-08-28,All New G80 2.5,276600,4,가솔린
2023-08-28,G90 3.8,331800,4,가솔린
2023-08-28,ALL NEW K3,72600,4,가솔린
2023-08-28,THE ALL NEW NIRO,124800,4,하이브리드
2023-08-28,더 뉴 그랜드 스타렉스,166200,9,디젤
2023-08-28,쏘렌토 MQ4,170400,5,하이브리드
2023-08-28,GV80 4WD,312000,5,디젤
2023-08-29,캐스퍼,75600,4,가솔린
2023-08-29,더 뉴 K3,76200,4,가솔린
2023-08-29,아반떼 AD ,76200,4,가솔린
2023-08-29,올 뉴 아반떼,76200,4,가솔린
2023-08-29,INTERACTIVE K5,117600,4,가솔린
2023-08-29,볼트,68600,4,전기차
2023-08-29,쏘나타 DN8,117600,4,가솔린
2023-08-29,INTERACTIVE K5,121800,4,하이브리드
2023-08-29,니로,93600,4,전기차
2023-08-29,EV6 2WD,138600,4,전기차
2023-08-29,스포티지 NQ5 2WD,151200,4,하이브리드
2023-08-29,스포티지 NQ5 2WD 1.6T,151200,4,가솔린
2023-08-29,더 뉴 그랜드 스타렉스,152400,1,디젤
2023-08-29,스타리아,174000,1,디젤
2023-08-29,더 뉴 카니발,187200,9,디젤
2023-08-29,카니발 KA4,187200,9,디젤
2023-08-29,EV6 4WD,189000,4,전기차
2023-08-29,K8 2.5,198000,4,가솔린
2023-08-29,더 뉴 그랜저 2.4,208200,4,하이브리드
2023-08-29,더 뉴 그랜저 3.3,214800,4,가솔린
2023-08-29,팰리세이드 2WD,224400,7,디젤
2023-08-29,All New G80 2.5,276600,4,가솔린
2023-08-29,G90 3.8,331800,4,가솔린
2023-08-29,ALL NEW K3,72600,4,가솔린
2023-08-29,THE ALL NEW NIRO,124800,4,하이브리드
2023-08-29,더 뉴 그랜드 스타렉스,166200,9,디젤
2023-08-29,더 뉴 싼타페 2WD,170400,5,디젤
2023-08-29,쏘렌토 MQ4,170400,5,하이브리드
2023-08-29,GV80 4WD,312000,5,디젤
2023-08-30,캐스퍼,75600,4,가솔린
2023-08-30,더 뉴 K3,76200,4,가솔린
2023-08-30,아반떼 AD ,76200,4,가솔린
2023-08-30,올 뉴 아반떼,76200,4,가솔린
2023-08-30,INTERACTIVE K5,117600,4,가솔린
2023-08-30,볼트,68600,4,전기차
2023-08-30,쏘나타 DN8,117600,4,가솔린
2023-08-30,INTERACTIVE K5,121800,4,하이브리드
2023-08-30,니로,93600,4,전기차
2023-08-30,EV6 2WD,138600,4,전기차
2023-08-30,스포티지 NQ5 2WD,151200,4,하이브리드
2023-08-30,스포티지 NQ5 2WD 1.6T,151200,4,가솔린
2023-08-30,더 뉴 그랜드 스타렉스,152400,1,디젤
2023-08-30,더 뉴 그랜드 스타렉스,166200,9,디젤
2023-08-30,스타리아,174000,1,디젤
2023-08-30,더 뉴 카니발,187200,9,디젤
2023-08-30,카니발 KA4,187200,9,디젤
2023-08-30,EV6 4WD,189000,4,전기차
2023-08-30,K8 2.5,198000,4,가솔린
2023-08-30,더 뉴 그랜저 2.4,208200,4,하이브리드
2023-08-30,더 뉴 그랜저 3.3,214800,4,가솔린
2023-08-30,팰리세이드 2WD,224400,7,디젤
2023-08-30,All New G80 2.5,276600,4,가솔린
2023-08-30,G90 3.8,331800,4,가솔린
2023-08-30,ALL NEW K3,72600,4,가솔린
2023-08-30,THE ALL NEW NIRO,124800,4,하이브리드
2023-08-30,더 뉴 싼타페 2WD,170400,5,디젤
2023-08-30,쏘렌토 MQ4,170400,5,하이브리드
2023-08-30,GV80 4WD,312000,5,디젤
